Round,Pedro-Rand,Idalina-Rand,Maria-Rand,Ze-Rand,Antonio-Rand
Round,Ze-Rand,Joao-Rand,Manuel-Rand,Maria-Rand,Pedro-Rand
Round,Maria-Rand,Manuel-Rand,Pedro-Rand,Ze-Rand,Joao-Rand
Round,Ze-Rand,Idalina-Rand,Antonio-Rand,Pedro-Rand,Maria-Rand
Round,Ze-Rand,Idalina-Rand,Antonio-Rand,Pedro-Rand,Maria-Rand
Round,Ze-Rand,Idalina-Rand,Antonio-Rand,Pedro-Rand,Maria-Rand
Round,Ze-Rand,Idalina-Rand,Antonio-Rand,Pedro-Rand,Maria-Rand
Round,Ze-Rand,Idalina-Rand,Antonio-Rand,Pedro-Rand,Maria-Rand
Round,Ze-Rand,Idalina-Rand,Antonio-Rand,Pedro-Rand,Maria-Rand
Round,Ze-Rand,Idalina-Rand,Antonio-Rand,Pedro-Rand,Maria-Rand
Round,Ze-Rand,Idalina-Rand,Antonio-Rand,Pedro-Rand,Maria-Rand
Round,Ze-Rand,Idalina-Rand,Antonio-Rand,Pedro-Rand,Maria-Rand
Round,Ze-Rand,Idalina-Rand,Antonio-Rand,Pedro-Rand,Maria-Rand
Round,Ze-Rand,Idalina-Rand,Antonio-Rand,Pedro-Rand,Maria-Rand
Round,Ze-Rand,Idalina-Rand,Antonio-Rand,Pedro-Rand,Maria-Rand
Round,Ze-Rand,Idalina-Rand,Antonio-Rand,Pedro-Rand,Maria-Rand
Round,Ze-Rand,Idalina-Rand,Antonio-Rand,Pedro-Rand,Maria-Rand
Round,Ze-Rand,Idalina-Rand,Antonio-Rand,Pedro-Rand,Maria-Rand
Round,Ze-Rand,Idalina-Rand,Antonio-Rand,Pedro-Rand,Maria-Rand
Round,Ze-Rand,Idalina-Rand,Antonio-Rand,Pedro-Rand,Maria-Rand
Round,Ze-Rand,Idalina-Rand,Antonio-Rand,Pedro-Rand,Maria-Rand
Round,Ze-Rand,Idalina-Rand,Antonio-Rand,Pedro-Rand,Maria-Rand
Round,Ze-Rand,Idalina-Rand,Antonio-Rand,Pedro-Rand,Maria-Rand
Round,Ze-Rand,Idalina-Rand,Antonio-Rand,Pedro-Rand,Maria-Rand
Round,Ze-Rand,Idalina-Rand,Antonio-Rand,Pedro-Rand,Maria-Rand
Round,Ze-Rand,Idalina-Rand,Antonio-Rand,Pedro-Rand,Maria-Rand
Round,Ze-Rand,Idalina-Rand,Antonio-Rand,Pedro-Rand,Maria-Rand
Round,Ze-Rand,Idalina-Rand,Antonio-Rand,Pedro-Rand,Maria-Rand
Round,Ze-Rand,Idalina-Rand,Antonio-Rand,Pedro-Rand,Maria-Rand
Round,Ze-Rand,Idalina-Rand,Antonio-Rand,Pedro-Rand,Maria-Rand
Round,Ze-Rand,Idalina-Rand,Antonio-Rand,Pedro-Rand,Maria-Rand
Round,Ze-Rand,Idalina-Rand,Antonio-Rand,Pedro-Rand,Maria-Rand
Round,Ze-Rand,Idalina-Rand,Antonio-Rand,Pedro-Rand,Maria-Rand
Round,Ze-Rand,Idalina-Rand,Antonio-Rand,Pedro-Rand,Maria-Rand
Round,Ze-Rand,Idalina-Rand,Antonio-Rand,Pedro-Rand,Maria-Rand
Round,Ze-Rand,Idalina-Rand,Antonio-Rand,Pedro-Rand,Maria-Rand
Round,Ze-Rand,Idalina-Rand,Antonio-Rand,Pedro-Rand,Maria-Rand
Round,Ze-Rand,Idalina-Rand,Antonio-Rand,Pedro-Rand,Maria-Rand
Round,Ze-Rand,Idalina-Rand,Antonio-Rand,Pedro-Rand,Maria-Rand
Round,Ze-Rand,Idalina-Rand,Antonio-Rand,Pedro-Rand,Maria-Rand
Round,Ze-Rand,Idalina-Rand,Antonio-Rand,Pedro-Rand,Maria-Rand
Round,Ze-Rand,Idalina-Rand,Antonio-Rand,Pedro-Rand,Maria-Rand
Round,Ze-Rand,Idalina-Rand,Antonio-Rand,Pedro-Rand,Maria-Rand
Round,Ze-Rand,Idalina-Rand,Antonio-Rand,Pedro-Rand,Maria-Rand
Round,Ze-Rand,Idalina-Rand,Antonio-Rand,Pedro-Rand,Maria-Rand
Round,Ze-Rand,Idalina-Rand,Antonio-Rand,Pedro-Rand,Maria-Rand
Round,Ze-Rand,Idalina-Rand,Antonio-Rand,Pedro-Rand,Maria-Rand
Round,Ze-Rand,Idalina-Rand,Antonio-Rand,Pedro-Rand,Maria-Rand
Round,Ze-Rand,Idalina-Rand,Antonio-Rand,Pedro-Rand,Maria-Rand
Round,Ze-Rand,Idalina-Rand,Antonio-Rand,Pedro-Rand,Maria-Rand
Round,Ze-Rand,Idalina-Rand,Antonio-Rand,Pedro-Rand,Maria-Rand
Round,Ze-Rand,Idalina-Rand,Antonio-Rand,Pedro-Rand,Maria-Rand
Round,Ze-Rand,Idalina-Rand,Antonio-Rand,Pedro-Rand,Maria-Rand
Round,Ze-Rand,Idalina-Rand,Antonio-Rand,Pedro-Rand,Maria-Rand
Round,Ze-Rand,Idalina-Rand,Antonio-Rand,Pedro-Rand,Maria-Rand
Round,Ze-Rand,Idalina-Rand,Antonio-Rand,Pedro-Rand,Maria-Rand
Round,Ze-Rand,Idalina-Rand,Antonio-Rand,Pedro-Rand,Maria-Rand
Round,Ze-Rand,Idalina-Rand,Antonio-Rand,Pedro-Rand,Maria-Rand
Round,Ze-Rand,Idalina-Rand,Antonio-Rand,Pedro-Rand,Maria-Rand
Round,Ze-Rand,Idalina-Rand,Antonio-Rand,Pedro-Rand,Maria-Rand
Round,Ze-Rand,Idalina-Rand,Antonio-Rand,Pedro-Rand,Maria-Rand
Round,Ze-Rand,Idalina-Rand,Antonio-Rand,Pedro-Rand,Maria-Rand
Round,Ze-Rand,Idalina-Rand,Antonio-Rand,Pedro-Rand,Maria-Rand
Round,Ze-Rand,Idalina-Rand,Antonio-Rand,Pedro-Rand,Maria-Rand
Round,Ze-Rand,Idalina-Rand,Antonio-Rand,Pedro-Rand,Maria-Rand
Round,Ze-Rand,Idalina-Rand,Antonio-Rand,Pedro-Rand,Maria-Rand
Round,Ze-Rand,Idalina-Rand,Antonio-Rand,Pedro-Rand,Maria-Rand
Round,Ze-Rand,Idalina-Rand,Antonio-Rand,Pedro-Rand,Maria-Rand
Round,Ze-Rand,Idalina-Rand,Antonio-Rand,Pedro-Rand,Maria-Rand
Round,Ze-Rand,Idalina-Rand,Antonio-Rand,Pedro-Rand,Maria-Rand
Round,Ze-Rand,Idalina-Rand,Antonio-Rand,Pedro-Rand,Maria-Rand
Round,Ze-Rand,Idalina-Rand,Antonio-Rand,Pedro-Rand,Maria-Rand
Round,Ze-Rand,Idalina-Rand,Antonio-Rand,Pedro-Rand,Maria-Rand
Round,Ze-Rand,Idalina-Rand,Antonio-Rand,Pedro-Rand,Maria-Rand
Round,Ze-Rand,Idalina-Rand,Antonio-Rand,Pedro-Rand,Maria-Rand
Round,Ze-Rand,Idalina-Rand,Antonio-Rand,Pedro-Rand,Maria-Rand
Round,Ze-Rand,Idalina-Rand,Antonio-Rand,Pedro-Rand,Maria-Rand
Round,Ze-Rand,Idalina-Rand,Antonio-Rand,Pedro-Rand,Maria-Rand
Round,Ze-Rand,Idalina-Rand,Antonio-Rand,Pedro-Rand,Maria-Rand
Round,Ze-Rand,Idalina-Rand,Antonio-Rand,Pedro-Rand,Maria-Rand
Round,Ze-Rand,Idalina-Rand,Antonio-Rand,Pedro-Rand,Maria-Rand
Round,Ze-Rand,Idalina-Rand,Antonio-Rand,Pedro-Rand,Maria-Rand
Round,Ze-Rand,Idalina-Rand,Antonio-Rand,Pedro-Rand,Maria-Rand
Round,Ze-Rand,Idalina-Rand,Antonio-Rand,Pedro-Rand,Maria-Rand
Round,Ze-Rand,Idalina-Rand,Antonio-Rand,Pedro-Rand,Maria-Rand
Round,Ze-Rand,Idalina-Rand,Antonio-Rand,Pedro-Rand,Maria-Rand
Round,Ze-Rand,Idalina-Rand,Antonio-Rand,Pedro-Rand,Maria-Rand
Round,Ze-Rand,Idalina-Rand,Antonio-Rand,Pedro-Rand,Maria-Rand
Round,Ze-Rand,Idalina-Rand,Antonio-Rand,Pedro-Rand,Maria-Rand
Round,Ze-Rand,Idalina-Rand,Antonio-Rand,Pedro-Rand,Maria-Rand
Round,Ze-Rand,Idalina-Rand,Antonio-Rand,Pedro-Rand,Maria-Rand
Round,Ze-Rand,Idalina-Rand,Antonio-Rand,Pedro-Rand,Maria-Rand
Round,Ze-Rand,Idalina-Rand,Antonio-Rand,Pedro-Rand,Maria-Rand
Round,Ze-Rand,Idalina-Rand,Antonio-Rand,Pedro-Rand,Maria-Rand
Round,Ze-Rand,Idalina-Rand,Antonio-Rand,Pedro-Rand,Maria-Rand
Round,Ze-Rand,Idalina-Rand,Antonio-Rand,Pedro-Rand,Maria-Rand
Round,Ze-Rand,Idalina-Rand,Antonio-Rand,Pedro-Rand,Maria-Rand
Round,Ze-Rand,Idalina-Rand,Antonio-Rand,Pedro-Rand,Maria-Rand
Round,Ze-Rand,Idalina-Rand,Antonio-Rand,Pedro-Rand,Maria-Rand
Round,Ze-Rand,Idalina-Rand,Antonio-Rand,Pedro-Rand,Maria-Rand
Round,Ze-Rand,Idalina-Rand,Antonio-Rand,Pedro-Rand,Maria-Rand
Round,Ze-Rand,Idalina-Rand,Antonio-Rand,Pedro-Rand,Maria-Rand
Round,Ze-Rand,Idalina-Rand,Antonio-Rand,Pedro-Rand,Maria-Rand
Round,Ze-Rand,Idalina-Rand,Antonio-Rand,Pedro-Rand,Maria-Rand
Round,Ze-Rand,Idalina-Rand,Antonio-Rand,Pedro-Rand,Maria-Rand
Round,Ze-Rand,Idalina-Rand,Antonio-Rand,Pedro-Rand,Maria-Rand
Round,Ze-Rand,Idalina-Rand,Antonio-Rand,Pedro-Rand,Maria-Rand
Round,Ze-Rand,Idalina-Rand,Antonio-Rand,Pedro-Rand,Maria-Rand
Round,Ze-Rand,Idalina-Rand,Antonio-Rand,Pedro-Rand,Maria-Rand
Round,Ze-Rand,Idalina-Rand,Antonio-Rand,Pedro-Rand,Maria-Rand
Round,Ze-Rand,Idalina-Rand,Antonio-Rand,Pedro-Rand,Maria-Rand
Round,Ze-Rand,Idalina-Rand,Antonio-Rand,Pedro-Rand,Maria-Rand
Round,Ze-Rand,Idalina-Rand,Antonio-Rand,Pedro-Rand,Maria-Rand
Round,Ze-Rand,Idalina-Rand,Antonio-Rand,Pedro-Rand,Maria-Rand
Round,Ze-Rand,Idalina-Rand,Antonio-Rand,Pedro-Rand,Maria-Rand
Round,Ze-Rand,Idalina-Rand,Antonio-Rand,Pedro-Rand,Maria-Rand
Round,Ze-Rand,Idalina-Rand,Antonio-Rand,Pedro-Rand,Maria-Rand
Round,Ze-Rand,Idalina-Rand,Antonio-Rand,Pedro-Rand,Maria-Rand
Round,Ze-Rand,Idalina-Rand,Antonio-Rand,Pedro-Rand,Maria-Rand
Round,Ze-Rand,Idalina-Rand,Antonio-Rand,Pedro-Rand,Maria-Rand
Round,Ze-Rand,Idalina-Rand,Antonio-Rand,Pedro-Rand,Maria-Rand
Round,Ze-Rand,Idalina-Rand,Antonio-Rand,Pedro-Rand,Maria-Rand
Round,Ze-Rand,Idalina-Rand,Antonio-Rand,Pedro-Rand,Maria-Rand
Round,Ze-Rand,Idalina-Rand,Antonio-Rand,Pedro-Rand,Maria-Rand
Round,Ze-Rand,Idalina-Rand,Antonio-Rand,Pedro-Rand,Maria-Rand
Round,Ze-Rand,Idalina-Rand,Antonio-Rand,Pedro-Rand,Maria-Rand
Round,Ze-Rand,Idalina-Rand,Antonio-Rand,Pedro-Rand,Maria-Rand
Round,Ze-Rand,Idalina-Rand,Antonio-Rand,Pedro-Rand,Maria-Rand
Round,Ze-Rand,Idalina-Rand,Antonio-Rand,Pedro-Rand,Maria-Rand
Round,Ze-Rand,Idalina-Rand,Antonio-Rand,Pedro-Rand,Maria-Rand
Round,Idalina-Rand,Ze-Rand,Manuel-Rand,Maria-Rand,Antonio-Rand
0,25,25,25,25,25
Round,Ze-Rand,Maria-Rand,Antonio-Rand,Pedro-Rand,Joao-Rand
0,25,25,25,25,25
Round,Maria-Rand,Idalina-Rand,Manuel-Rand,Antonio-Rand,Joao-Rand
0,25,25,25,25,25
1,28,25,25,25,25
Round,Antonio-Rand,Joao-Rand,Manuel-Rand,Ze-Rand,Pedro-Rand
Round,Maria-Rand,Pedro-Rand,Joao-Rand,Ze-Rand,Idalina-Rand
Round,Manuel-Rand,Antonio-Rand,Idalina-Rand,Ze-Rand,Joao-Rand
0,25,25,25,25,25
1,28,25,25,25,25
Round,Joao-Rand,Pedro-Rand,Manuel-Rand,Ze-Rand,Maria-Rand
0,25,25,25,25,25
Round,Maria-Rand,Antonio-Rand,Joao-Rand,Ze-Rand,Pedro-Rand
0,25,25,25,25,25
1,28,25,25,25,25
1,28,25,25,25,24
Round,Idalina-Rand,Antonio-Rand,Pedro-Rand,Joao-Rand,Ze-Rand
0,25,25,25,25,25
1,28,25,25,25,25
Round,Ze-Rand,Maria-Rand,Antonio-Rand,Pedro-Rand,Manuel-Rand
0,25,25,25,25,25
1,28,25,25,25,25
Round,Joao-Rand,Idalina-Rand,Manuel-Rand,Maria-Rand,Pedro-Rand
0,25,25,25,25,25
Round,Ze-Rand,Maria-Rand,Idalina-Rand,Pedro-Rand,Joao-Rand
0,25,25,25,25,25
Round,Joao-Rand,Idalina-Rand,Pedro-Rand,Maria-Rand,Manuel-Rand
0,25,25,25,25,25
Round,Pedro-Rand,Joao-Rand,Maria-Rand,Idalina-Rand,Manuel-Rand
0,25,25,25,25,25
1,28,25,25,25,25
Round,Manuel-Rand,Pedro-Rand,Idalina-Rand,Joao-Rand,Ze-Rand
0,25,25,25,25,25
Round,Idalina-Rand,Ze-Rand,Joao-Rand,Pedro-Rand,Manuel-Rand
0,25,25,25,25,25
1,28,25,25,25,25
Round,Maria-Rand,Manuel-Rand,Pedro-Rand,Joao-Rand,Antonio-Rand
0,25,25,25,25,25
Round,Antonio-Rand,Ze-Rand,Manuel-Rand,Pedro-Rand,Joao-Rand
0,25,25,25,25,25
1,28,25,25,25,25
1,28,25,25,24,25
Round,Antonio-Rand,Joao-Rand,Maria-Rand,Pedro-Rand,Ze-Rand
0,25,25,25,25,25
1,28,25,25,25,25
Round,Antonio-Rand,Idalina-Rand,Manuel-Rand,Pedro-Rand,Maria-Rand
0,25,25,25,25,25
1,28,25,25,25,25
1,28,24,25,25,25
1,27,24,25,25,25
Round,Idalina-Rand,Joao-Rand,Maria-Rand,Ze-Rand,Antonio-Rand
0,25,25,25,25,25
Round,Idalina-Rand,Manuel-Rand,Antonio-Rand,Ze-Rand,Maria-Rand
0,25,25,25,25,25
1,28,25,25,25,25
1,28,25,25,25,24
Round,Idalina-Rand,Antonio-Rand,Pedro-Rand,Ze-Rand,Joao-Rand
0,25,25,25,25,25
1,28,25,25,25,25
1,27,25,25,25,25
1,27,25,25,24,25
Round,Pedro-Rand,Idalina-Rand,Ze-Rand,Antonio-Rand,Maria-Rand
0,25,25,25,25,25
1,24,25,25,25,25
Round,Maria-Rand,Manuel-Rand,Antonio-Rand,Pedro-Rand,Joao-Rand
0,25,25,25,25,25
Round,Joao-Rand,Idalina-Rand,Ze-Rand,Pedro-Rand,Maria-Rand
0,25,25,25,25,25
1,28,25,25,25,25
1,27,25,25,25,25
Round,Joao-Rand,Maria-Rand,Manuel-Rand,Ze-Rand,Pedro-Rand
0,25,25,25,25,25
1,28,25,25,25,25
Round,Idalina-Rand,Joao-Rand,Maria-Rand,Pedro-Rand,Manuel-Rand
0,25,25,25,25,25
1,28,25,25,25,25
